,period_1,period_2,period_3
accuracy,0.9877551020408163,0.9918367346938776,0.967479674796748
f1,0.9874959507612568,0.9918545075687932,0.9673088719657953
