feature,shap_value,trigger
account,0.19034769,
bonus,0.17122436,
message,0.16604382,
loan,0.1410733,
win,0.10480239,greed
free,0.10292393,greed
has_caps,0.096587256,
hello,0.091219515,
is_kiswahili_sheng,0.08975344,
stop,0.08510761,
reply,0.07845345,
today,0.058896013,
contact,0.045777783,
apply,0.035687223,
caller,0.035368335,
day,0.03265347,
payment,0.03244744,
hour,0.030063193,
confirm,0.027601581,
dial,0.023239499,
