feature,shap_value,trigger
stop,0.48783502,
is_kiswahili_sheng,0.2320162,
win,0.123560674,greed
reward,0.104708344,
hii,0.07419422,
benefit,0.073613666,
time,0.07223633,
yako,0.068475194,
select,0.057296526,
offer,0.053602174,
congratulation,0.052012313,greed
free,0.04364792,greed
jibu,0.042737536,
uko,0.04034753,
pesa,0.036596205,
dear,0.032823093,
sasa,0.031859864,
kwa,0.0286738,
avoid,0.027623028,
verify,0.02726217,
