feature,shap_value,trigger
stop,0.45218715,urgency
is_kiswahili_sheng,0.24122247,language
win,0.12113136,greed
reward,0.09895835,greed
time,0.06403054,urgency
benefit,0.0625785,
select,0.056441482,
hii,0.054875266,
yako,0.053344604,
congratulation,0.0479005,greed
jibu,0.04207103,
uko,0.04174697,
sasa,0.038670216,
offer,0.03563471,urgency
free,0.03397585,greed
dear,0.031450678,social_proof
kwa,0.028961096,
pesa,0.027461734,
has_caps,0.027110565,formatting
number,0.02674551,
