{
  "train": {
    "accuracy": 0.9132653061224489,
    "precision_weighted": 0.9156516096272925,
    "recall_weighted": 0.9132653061224489,
    "f1_weighted": 0.9124248572109288,
    "per_class": {
      "legit": {
        "precision": 0.9457013574660633,
        "recall": 0.842741935483871,
        "f1": 0.8912579957356077
      },
      "scam": {
        "precision": 0.8937329700272479,
        "recall": 0.9647058823529412,
        "f1": 0.9278642149929278
      }
    }
  },
  "test": {
    "accuracy": 0.7837837837837838,
    "precision_weighted": 0.794384675938074,
    "recall_weighted": 0.7837837837837838,
    "f1_weighted": 0.7761165420739888,
    "per_class": {
      "legit": {
        "precision": 0.8444444444444444,
        "recall": 0.6031746031746031,
        "f1": 0.7037037037037037
      },
      "scam": {
        "precision": 0.7572815533980582,
        "recall": 0.9176470588235294,
        "f1": 0.8297872340425532
      }
    }
  }
}