{
  "train": {
    "accuracy": 0.9149659863945578,
    "precision_weighted": 0.9195770072095162,
    "recall_weighted": 0.9149659863945578,
    "f1_weighted": 0.9106386186930552,
    "per_class": {
      "legit": {
        "precision": 0.9192307692307692,
        "recall": 0.9637096774193549,
        "f1": 0.9409448818897638
      },
      "moderate_scam": {
        "precision": 1.0,
        "recall": 0.6081081081081081,
        "f1": 0.7563025210084033
      },
      "high_scam": {
        "precision": 0.8975265017667845,
        "recall": 0.9548872180451128,
        "f1": 0.9253187613843351
      }
    }
  },
  "test": {
    "accuracy": 0.777027027027027,
    "precision_weighted": 0.8105804668304668,
    "recall_weighted": 0.777027027027027,
    "f1_weighted": 0.7556317573395372,
    "per_class": {
      "legit": {
        "precision": 0.8571428571428571,
        "recall": 0.7619047619047619,
        "f1": 0.8067226890756303
      },
      "moderate_scam": {
        "precision": 1.0,
        "recall": 0.2222222222222222,
        "f1": 0.36363636363636365
      },
      "high_scam": {
        "precision": 0.7159090909090909,
        "recall": 0.9402985074626866,
        "f1": 0.8129032258064516
      }
    }
  }
}