{
  "train": {
    "accuracy": 0.9727891156462585,
    "precision_weighted": 0.9739621953024685,
    "recall_weighted": 0.9727891156462585,
    "f1_weighted": 0.9722065173473369,
    "per_class": {
      "legit": {
        "precision": 0.946360153256705,
        "recall": 0.9959677419354839,
        "f1": 0.9705304518664047
      },
      "moderate_scam": {
        "precision": 1.0,
        "recall": 0.8378378378378378,
        "f1": 0.9117647058823529
      },
      "high_scam": {
        "precision": 0.9924528301886792,
        "recall": 0.9887218045112782,
        "f1": 0.9905838041431262
      }
    }
  },
  "test": {
    "accuracy": 0.7702702702702703,
    "precision_weighted": 0.7699809772178193,
    "recall_weighted": 0.7702702702702703,
    "f1_weighted": 0.7600465158019115,
    "per_class": {
      "legit": {
        "precision": 0.7236842105263158,
        "recall": 0.873015873015873,
        "f1": 0.7913669064748201
      },
      "moderate_scam": {
        "precision": 0.6666666666666666,
        "recall": 0.3333333333333333,
        "f1": 0.4444444444444444
      },
      "high_scam": {
        "precision": 0.8412698412698413,
        "recall": 0.7910447761194029,
        "f1": 0.8153846153846154
      }
    }
  }
}