{
  "train": {
    "accuracy": 0.9387755102040817,
    "precision_weighted": 0.941970554818713,
    "recall_weighted": 0.9387755102040817,
    "f1_weighted": 0.9390521344494424,
    "per_class": {
      "legit": {
        "precision": 0.8925925925925926,
        "recall": 0.9717741935483871,
        "f1": 0.9305019305019305
      },
      "scam": {
        "precision": 0.9779874213836478,
        "recall": 0.9147058823529411,
        "f1": 0.9452887537993921
      }
    }
  },
  "test": {
    "accuracy": 0.8378378378378378,
    "precision_weighted": 0.8387495929664606,
    "recall_weighted": 0.8378378378378378,
    "f1_weighted": 0.8381394787644787,
    "per_class": {
      "legit": {
        "precision": 0.8,
        "recall": 0.8253968253968254,
        "f1": 0.8125
      },
      "scam": {
        "precision": 0.8674698795180723,
        "recall": 0.8470588235294118,
        "f1": 0.8571428571428571
      }
    }
  }
}